dps,name,star,element,weapon,str,amulets,condition,comment,
5702,Aeleen,4*,wind,lance,3707,[Resounding_Rendition+Beautiful_Nothingness][Vayu][HDT2],<hp70>,,attack:1302,force_strike:264,skill_1:3245,skill_2:0,skill_3:890,team_buff:0
4997,_c_Aeleen,4*,wind,lance,3707,[Resounding_Rendition+Beautiful_Nothingness][Vayu][HDT2],!<hp70>,,attack:1141,force_strike:231,skill_1:2843,skill_2:0,skill_3:780,team_buff:0
10457,Alain,3*,flame,lance,3985,[Resounding_Rendition+Elegant_Escort][Konohana_Sakuya][Agito],<hp70 & 0 burn res>,89% burn uptime,attack:1968,force_strike:376,skill_1:4456,skill_2:2364,skill_3:0,team_buff:0,s1_burn:1292
6947,_c_Alain,3*,flame,lance,3985,[Resounding_Rendition+Elegant_Escort][Konohana_Sakuya][Agito],!<hp70 & 0 burn res>,,attack:1488,force_strike:284,skill_1:3425,skill_2:1749,skill_3:0,team_buff:0,s1_burn:0
11558,Albert,5*,light,sword,3772,[The_Shining_Overlord+Sisters_Day_Out][Corsaint_Phoenix][HDT2],<big hitbox & 0 paralysis res>,63% paralysis uptime,attack:1377,force_strike:1293,skill_1:2702,skill_2:0,skill_3:1181,team_buff:0,fs_alt:566,s1_s2boost:2141,s1_hit2:153,s1_hit3:153,s1_hit4:153,s1_hit5:153,s1_hit6:153,fs_paralysis:1526
8485,_c_Albert,5*,light,sword,3772,[The_Shining_Overlord+Sisters_Day_Out][Corsaint_Phoenix][HDT2],!<big hitbox & 0 paralysis res>,,attack:1224,force_strike:1179,skill_1:2365,skill_2:0,skill_3:1066,team_buff:0,fs_alt:480,s1_s2boost:1784,s1_hit2:128,s1_hit3:128,s1_hit4:128,fs_paralysis:0
9330,Alex,4*,shadow,dagger,3580,[Twinfold_Bonds+The_Plaguebringer][Fatalis][HDT2],<hp100 & hit15 & 0 poison res>,not consider bk boost of her s2; 89% poison uptime,attack:2278,force_strike:375,skill_1:3078,skill_2:1274,skill_3:1207,team_buff:411,s1_poison:704
5838,_c_Alex,4*,shadow,dagger,3580,[Twinfold_Bonds+The_Plaguebringer][Fatalis][HDT2],!<hp100 & hit15 & 0 poison res>,not consider bk boost of her s2,attack:1754,force_strike:290,skill_1:1910,skill_2:755,skill_3:715,team_buff:411,s1_poison:0
7773,Alfonse,5*,light,sword,3738,[The_Shining_Overlord+Jewels_of_the_Sun][Cupid][HDT2],<last offense & hp70>,,attack:2107,force_strike:865,skill_1:2411,skill_2:1335,skill_3:1053,team_buff:0
6793,_c_Alfonse,5*,light,sword,3738,[The_Shining_Overlord+Jewels_of_the_Sun][Cupid][HDT2],!<last offense & hp70>,,attack:1844,force_strike:756,skill_1:2112,skill_2:1174,skill_3:904,team_buff:0
9743,Althemia,3*,shadow,wand,3646,[Candy_Couriers+Primal_Crisis][Fatalis][HDT2],<hp100 & hit15>,,attack:2760,force_strike:0,skill_1:4116,skill_2:1586,skill_3:1279,team_buff:0
7199,_c_Althemia,3*,shadow,wand,3646,[Candy_Couriers+Primal_Crisis][Fatalis][HDT2],!<hp100 & hit15>,,attack:2358,force_strike:0,skill_1:2854,skill_2:1100,skill_3:887,team_buff:0
8543,Amane,4*,light,wand,3817,[Candy_Couriers+Primal_Crisis][Daikokuten][HDT2],<hit15>,,attack:3013,force_strike:0,skill_1:4064,skill_2:0,skill_3:1466,team_buff:0
6358,_c_Amane,4*,light,wand,3817,[Candy_Couriers+Primal_Crisis][Daikokuten][HDT2],!<hit15>,,attack:2233,force_strike:0,skill_1:3062,skill_2:0,skill_3:1062,team_buff:0
6451,Annelie,5*,light,lance,3843,[Resounding_Rendition+Jewels_of_the_Sun][Cupid][HDT2],<energy & hp70>,1121,attack:1937,force_strike:0,skill_1:2677,skill_2:392,skill_3:1252,team_buff:0,team_energy:50,s1_p1_energized:141
4596,_c_Annelie,5*,light,lance,3843,[Resounding_Rendition+Jewels_of_the_Sun][Cupid][HDT2],!<energy & hp70>,1121,attack:1669,force_strike:0,skill_1:1827,skill_2:275,skill_3:825,team_buff:0
11834,Aoi,3*,flame,blade,4195,[Resounding_Rendition+Elegant_Escort][Konohana_Sakuya][Agito],<hp70 & 0 burn res>,87% burn uptime,attack:3248,force_strike:0,skill_1:5095,skill_2:2094,skill_3:0,team_buff:0,s1_burn:944,s2_burn:451
7904,_c_Aoi,3*,flame,blade,4195,[Resounding_Rendition+Elegant_Escort][Konohana_Sakuya][Agito],!<hp70 & 0 burn res>,,attack:2468,force_strike:0,skill_1:3896,skill_2:1539,skill_3:0,team_buff:0,s1_burn:0,s2_burn:0
6482,Audric,4*,shadow,sword,3682,[The_Shining_Overlord+Beautiful_Nothingness][Shinobi][HDT2],<hp70>,,attack:1302,force_strike:407,skill_1:2684,skill_2:1296,skill_3:791,team_buff:0
5984,_c_Audric,4*,shadow,sword,3682,[The_Shining_Overlord+Beautiful_Nothingness][Shinobi][HDT2],!<hp70>,,attack:1202,force_strike:376,skill_1:2478,skill_2:1196,skill_3:730,team_buff:0
6597,Berserker,4*,shadow,sword,3623,[The_Shining_Overlord+Jewels_of_the_Sun][Fatalis][HDT2],<last offense & hp70>,,attack:1516,force_strike:1109,skill_1:2870,skill_2:0,skill_3:1100,team_buff:0
5823,_c_Berserker,4*,shadow,sword,3623,[The_Shining_Overlord+Jewels_of_the_Sun][Fatalis][HDT2],!<last offense & hp70>,,attack:1334,force_strike:975,skill_1:2565,skill_2:0,skill_3:947,team_buff:0
13488,Botan,4*,shadow,lance,3683,[Resounding_Rendition+Beautiful_Nothingness][Shinobi][HDT2],<buff all team & hp70>,,attack:1841,force_strike:139,skill_1:2660,skill_2:0,skill_3:1635,team_buff:2895,s1_bleed:4316
11195,_c_Botan,4*,shadow,lance,3683,[Resounding_Rendition+Beautiful_Nothingness][Shinobi][HDT2],!<buff all team & hp70>,,attack:1618,force_strike:122,skill_1:2338,skill_2:0,skill_3:1437,team_buff:1884,s1_bleed:3794
12963,Cassandra,5*,shadow,wand,3881,[Candy_Couriers+The_Plaguebringer][Fatalis][HDT2],<hp30 every 90s & reflect 500 damage on every s2 & 0 poison res & hp=80%>,no counter damage; s2 drops combo; 100% poison uptime,attack:2991,force_strike:0,skill_1:4447,skill_2:2149,skill_3:2070,team_buff:0,s1_poison:1029,s2_reflect:274
8162,_c_Cassandra,5*,shadow,wand,3881,[Candy_Couriers+The_Plaguebringer][Fatalis][HDT2],!<hp30 every 90s & reflect 500 damage on every s2 & 0 poison res & hp=80%>,no counter damage; s2 drops combo,attack:2083,force_strike:0,skill_1:3200,skill_2:1437,skill_3:1440,team_buff:0,s1_poison:0,s2_reflect:0
7406,Celliera,4*,water,blade,3807,[Resounding_Rendition+Beautiful_Nothingness][Siren][HDT2],<hp70>,,attack:2171,force_strike:0,skill_1:3682,skill_2:0,skill_3:1553,team_buff:0
6114,_c_Celliera,4*,water,blade,3807,[Resounding_Rendition+Beautiful_Nothingness][Siren][HDT2],!<hp70>,,attack:1792,force_strike:0,skill_1:3039,skill_2:0,skill_3:1282,team_buff:0
8137,Chelsea,5*,flame,bow,3844,[Forest_Bonds+Dear_Diary][Dreadking_Rathalos][Agito],<hp30 every 90s>,,attack:2016,force_strike:2193,skill_1:3926,skill_2:0,skill_3:0,team_buff:0
7614,_c_Chelsea,5*,flame,bow,3844,[Forest_Bonds+Dear_Diary][Dreadking_Rathalos][Agito],!<hp30 every 90s>,,attack:1886,force_strike:2048,skill_1:3679,skill_2:0,skill_3:0,team_buff:0
4504,Cibella,3*,water,lance,3764,[Resounding_Rendition+Beautiful_Nothingness][Dragonyule_Jeanne][HDT2],<hp70>,,attack:2147,force_strike:315,skill_1:0,skill_2:1071,skill_3:969,team_buff:0
4024,_c_Cibella,3*,water,lance,3764,[Resounding_Rendition+Beautiful_Nothingness][Dragonyule_Jeanne][HDT2],!<hp70>,,attack:1918,force_strike:281,skill_1:0,skill_2:957,skill_3:866,team_buff:0
11762,Curran,5*,shadow,axe,4075,[Kung_Fu_Masters+Flower_in_the_Fray][Fatalis][HDT2],<last offense>,no fs,attack:4474,force_strike:0,skill_1:4521,skill_2:1363,skill_3:681,team_buff:720
10620,_c_Curran,5*,shadow,axe,4075,[Kung_Fu_Masters+Flower_in_the_Fray][Fatalis][HDT2],!<last offense>,no fs,attack:3812,force_strike:0,skill_1:4041,skill_2:1363,skill_3:681,team_buff:720
8463,Dragonyule_Cleo,5*,water,dagger,3709,[Twinfold_Bonds+The_Prince_of_Dragonyule][Siren][HDT2],<energy & always connect hits & hp70 & hit15>,,attack:1626,force_strike:348,skill_1:2324,skill_2:1477,skill_3:1276,team_buff:1037,team_energy:133,s1_energized:101,s3_energized:138
6280,_c_Dragonyule_Cleo,5*,water,dagger,3709,[Twinfold_Bonds+The_Prince_of_Dragonyule][Siren][HDT2],!<energy & always connect hits & hp70 & hit15>,,attack:1226,force_strike:262,skill_1:1717,skill_2:1093,skill_3:943,team_buff:1037
11388,Dragonyule_Malora,5*,light,axe,3954,[Kung_Fu_Masters+Flower_in_the_Fray][Cupid][HDT2],<buff all team>,c4fsf c5 c4 s1,attack:3338,force_strike:0,skill_1:1912,skill_2:2028,skill_3:0,team_buff:2486,s2_boost:1622
5193,_c_Dragonyule_Malora,5*,light,axe,3954,[Kung_Fu_Masters+Flower_in_the_Fray][Cupid][HDT2],!<buff all team>,c4fsf c5 c4 s1,attack:3127,force_strike:0,skill_1:2065,skill_2:0,skill_3:0,team_buff:0
5184,Dragonyule_Nefaria,4*,water,bow,3651,[Forest_Bonds+Dear_Diary][Dragonyule_Jeanne][HDT2],<hp30 every 90s>,,attack:1368,force_strike:821,skill_1:2146,skill_2:0,skill_3:848,team_buff:0
4713,_c_Dragonyule_Nefaria,4*,water,bow,3651,[Forest_Bonds+Dear_Diary][Dragonyule_Jeanne][HDT2],!<hp30 every 90s>,,attack:1243,force_strike:746,skill_1:1951,skill_2:0,skill_3:771,team_buff:0
9399,Dragonyule_Xainfried,4*,wind,wand,3801,[A_Dogs_Day+Primal_Crisis][Long_Long][HDT2],<buff all team & hit15>,,attack:3363,force_strike:290,skill_1:0,skill_2:871,skill_3:1032,team_buff:3841
4526,_c_Dragonyule_Xainfried,4*,wind,wand,3801,[A_Dogs_Day+Primal_Crisis][Long_Long][HDT2],!<buff all team & hit15>,,attack:2746,force_strike:233,skill_1:0,skill_2:707,skill_3:838,team_buff:0
7339,Dragonyule_Xander,4*,water,wand,3721,[Candy_Couriers+Primal_Crisis][Siren][HDT2],<energy & hit15>,,attack:2012,force_strike:0,skill_1:3484,skill_2:0,skill_3:1254,team_buff:530,team_energy:57
5973,_c_Dragonyule_Xander,4*,water,wand,3721,[Candy_Couriers+Primal_Crisis][Siren][HDT2],!<energy & hit15>,,attack:1643,force_strike:0,skill_1:2793,skill_2:0,skill_3:1005,team_buff:530
13477,Delphi,5*,shadow,dagger,3742,[Mega_Friends+The_Fires_of_Hate][Fatalis][HDT2],<hp100 & s1 defdown for 10s & reflect 500 damage on every s2 & 0 poison res>,73% poison uptime,attack:1665,force_strike:1443,skill_1:517,skill_2:459,skill_3:796,team_buff:2825,s2_reflect:366,fs_boost:119,fs_poison:3348,s2_poison:1934
6707,_c_Delphi,5*,shadow,dagger,3742,[Mega_Friends+The_Fires_of_Hate][Fatalis][HDT2],!<hp100 & s1 defdown for 10s & reflect 500 damage on every s2 & 0 poison res>,,attack:1308,force_strike:1144,skill_1:401,skill_2:342,skill_3:592,team_buff:2825,s2_reflect:0,fs_boost:93,fs_poison:0,s2_poison:0
10912,Durant,4*,shadow,blade,3910,[Seaside_Princess+From_Whence_He_Comes][Fatalis][HDT2],<hp100>,,attack:8752,force_strike:0,skill_1:0,skill_2:0,skill_3:2160,team_buff:0
8294,_c_Durant,4*,shadow,blade,3910,[Seaside_Princess+From_Whence_He_Comes][Fatalis][HDT2],!<hp100>,,attack:6651,force_strike:0,skill_1:0,skill_2:0,skill_3:1642,team_buff:0
6953,Eleonora,4*,wind,bow,3629,[Dear_Diary+The_Fires_of_Hate][Vayu][HDT2],<hp30 every 90s & hp100 & 0 poison res>,88% poison uptime,attack:1364,force_strike:802,skill_1:2115,skill_2:1249,skill_3:538,team_buff:0,s1_poison:636,s2_poison:247
4172,_c_Eleonora,4*,wind,bow,3629,[Dear_Diary+The_Fires_of_Hate][Vayu][HDT2],!<hp30 every 90s & hp100 & 0 poison res>,,attack:946,force_strike:548,skill_1:1473,skill_2:841,skill_3:362,team_buff:0,s1_poison:0,s2_poison:0
5941,Elias,4*,light,bow,3469,[Forest_Bonds+Dear_Diary][Daikokuten][HDT2],<energy & last offense & hit15 & hp30 every 90s>,,attack:1686,force_strike:1016,skill_1:2490,skill_2:0,skill_3:748,team_buff:0
4367,_c_Elias,4*,light,bow,3469,[Forest_Bonds+Dear_Diary][Daikokuten][HDT2],!<energy & last offense & hit15 & hp30 every 90s>,,attack:1214,force_strike:729,skill_1:1838,skill_2:0,skill_3:585,team_buff:0
11870,Elisanne,4*,water,lance,3777,[Beach_Battle+From_Whence_He_Comes][Halloween_Maritimus][HDT2], ,no s2 or s3,attack:2274,force_strike:0,skill_1:0,skill_2:0,skill_3:0,team_buff:9596
12956,Emma,4*,flame,lance,3894,[Castle_Cheer_Corps+From_Whence_He_Comes][Dreadking_Rathalos][Agito],<buff all team>,,attack:3231,force_strike:785,skill_1:0,skill_2:0,skill_3:0,team_buff:8940
4016,_c_Emma,4*,flame,lance,3894,[Castle_Cheer_Corps+From_Whence_He_Comes][Dreadking_Rathalos][Agito],!<buff all team>,,attack:3231,force_strike:785,skill_1:0,skill_2:0,skill_3:0,team_buff:0
7141,Erik,3*,shadow,axe,3882,[Kung_Fu_Masters+Jewels_of_the_Sun][Fatalis][HDT2],<hp70>,,attack:2666,force_strike:603,skill_1:2577,skill_2:773,skill_3:519,team_buff:0
6766,_c_Erik,3*,shadow,axe,3882,[Kung_Fu_Masters+Jewels_of_the_Sun][Fatalis][HDT2],!<hp70>,,attack:2526,force_strike:571,skill_1:2441,skill_2:733,skill_3:492,team_buff:0
12641,Euden,4*,flame,sword,4038,[The_Shining_Overlord+Elegant_Escort][Dreadking_Rathalos][Agito],<0 burn res>,93% burn uptime,attack:2668,force_strike:2123,skill_1:4152,skill_2:2084,skill_3:0,team_buff:540,s1_burn:1072
9259,_c_Euden,4*,flame,sword,4038,[The_Shining_Overlord+Elegant_Escort][Dreadking_Rathalos][Agito],!<0 burn res>,,attack:2103,force_strike:1680,skill_1:3325,skill_2:1610,skill_3:0,team_buff:540,s1_burn:0
8354,Fjorm,5*,water,lance,3883,[Resounding_Rendition+Beautiful_Nothingness][Siren][HDT2],<hp70 & reflect 500 damage on every s2>,,attack:1177,force_strike:34,skill_1:2752,skill_2:1808,skill_3:966,team_buff:1250,s2_reflect:363
7157,_c_Fjorm,5*,water,lance,3883,[Resounding_Rendition+Beautiful_Nothingness][Siren][HDT2],!<hp70 & reflect 500 damage on every s2>,,attack:1032,force_strike:30,skill_1:2412,skill_2:1585,skill_3:846,team_buff:1250,s2_reflect:0
12889,Fleur,4*,light,dagger,3657,[Twinfold_Bonds+Spirit_of_the_Season][Daikokuten][HDT2],<hp70 & hit15 & hp100 & 0 paralysis res>,c4fs; 88% paralysis uptime,attack:3175,force_strike:722,skill_1:5541,skill_2:0,skill_3:1583,team_buff:0,s1_paralysis:1866
4980,_c_Fleur,4*,light,dagger,3657,[Twinfold_Bonds+Spirit_of_the_Season][Daikokuten][HDT2],!<hp70 & hit15 & hp100 & 0 paralysis res>,c4fs,attack:1887,force_strike:431,skill_1:1783,skill_2:0,skill_3:878,team_buff:0,s1_paralysis:0
5979,Francesca,3*,wind,dagger,3519,[Twinfold_Bonds+Levins_Champion][Vayu][HDT2],<hit15 & hp70>,,attack:1419,force_strike:426,skill_1:2194,skill_2:929,skill_3:889,team_buff:120
4973,_c_Francesca,3*,wind,dagger,3519,[Twinfold_Bonds+Levins_Champion][Vayu][HDT2],!<hit15 & hp70>,,attack:1185,force_strike:355,skill_1:1810,skill_2:767,skill_3:734,team_buff:120
6667,Fritz,4*,light,dagger,3618,[Twinfold_Bonds+Levins_Champion][Daikokuten][HDT2],<hit15 & hp70>,,attack:2705,force_strike:236,skill_1:2295,skill_2:0,skill_3:807,team_buff:411,fs_boost:211
5069,_c_Fritz,4*,light,dagger,3618,[Twinfold_Bonds+Levins_Champion][Daikokuten][HDT2],!<hit15 & hp70>,,attack:2030,force_strike:182,skill_1:1693,skill_2:0,skill_3:595,team_buff:411,fs_boost:155
19585,Gala_Cleo,5*,shadow,wand,3696,[Candy_Couriers+Primal_Crisis][Shinobi][HDT2],<hit15 & always in a1>,(the true cleo is here),attack:2317,force_strike:0,skill_1:7468,skill_2:1699,skill_3:1550,team_buff:6549,fs_alt:0
10789,_c_Gala_Cleo,5*,shadow,wand,3696,[Candy_Couriers+Primal_Crisis][Shinobi][HDT2],!<hit15 & always in a1>,(the true cleo is here),attack:1553,force_strike:0,skill_1:5006,skill_2:1017,skill_3:1105,team_buff:2107,fs_alt:0
11808,Gala_Elisanne,5*,water,axe,3798,[Beach_Battle+From_Whence_He_Comes][Halloween_Maritimus][HDT2],<buff all team & energy>,,attack:2553,force_strike:326,skill_1:0,skill_2:0,skill_3:0,team_buff:8928
2879,_c_Gala_Elisanne,5*,water,axe,3798,[Beach_Battle+From_Whence_He_Comes][Halloween_Maritimus][HDT2],!<buff all team & energy>,,attack:2553,force_strike:326,skill_1:0,skill_2:0,skill_3:0,team_buff:0
9990,Gala_Euden,5*,light,sword,3763,[The_Shining_Overlord+Sisters_Day_Out][Cupid][HDT2],<s1 buff for 10s & draconic charge & 0 paralysis res>,c2+fs; 22% paralysis uptime,attack:1551,force_strike:1596,skill_1:932,skill_2:895,skill_3:1309,team_buff:3565,s2_paralysis:139
6111,_c_Gala_Euden,5*,light,sword,3763,[The_Shining_Overlord+Sisters_Day_Out][Cupid][HDT2],!<s1 buff for 10s & draconic charge & 0 paralysis res>,c2+fs,attack:1343,force_strike:1392,skill_1:903,skill_2:746,skill_3:1097,team_buff:628,s2_paralysis:0
7803,Gala_Mym,5*,flame,lance,3957,[Resounding_Rendition+Beautiful_Nothingness][Konohana_Sakuya][Agito],<hp70>,,attack:1939,force_strike:290,skill_1:4023,skill_2:1550,skill_3:0,team_buff:0
6838,_c_Gala_Mym,5*,flame,lance,3957,[Resounding_Rendition+Beautiful_Nothingness][Konohana_Sakuya][Agito],!<hp70>,,attack:1699,force_strike:254,skill_1:3525,skill_2:1358,skill_3:0,team_buff:0
8672,Gala_Ranzal,5*,wind,sword,3606,[The_Shining_Overlord+Beautiful_Nothingness][Vayu][HDT2],<hp70>,no s2,attack:1373,force_strike:751,skill_1:3955,skill_2:0,skill_3:1184,team_buff:0,s1_boost:1406
8005,_c_Gala_Ranzal,5*,wind,sword,3606,[The_Shining_Overlord+Beautiful_Nothingness][Vayu][HDT2],!<hp70>,no s2,attack:1268,force_strike:693,skill_1:3651,skill_2:0,skill_3:1093,team_buff:0,s1_boost:1298
10501,Gala_Sarisse,5*,flame,bow,3816,[Forest_Bonds+Dear_Diary][Konohana_Sakuya][Agito],<hp30 every 90s & never lose combos>,,attack:1695,force_strike:513,skill_1:7567,skill_2:0,skill_3:0,team_buff:724
7000,_c_Gala_Sarisse,5*,flame,bow,3816,[Forest_Bonds+Dear_Diary][Konohana_Sakuya][Agito],!<hp30 every 90s & never lose combos>,,attack:1447,force_strike:445,skill_1:4391,skill_2:0,skill_3:0,team_buff:716
6318,Halloween_Edward,3*,light,blade,3760,[Resounding_Rendition+Seaside_Princess][Cupid][HDT2],<hp100 & hp70>,,attack:2477,force_strike:0,skill_1:2360,skill_2:1003,skill_3:476,team_buff:0
5074,_c_Halloween_Edward,3*,light,blade,3760,[Resounding_Rendition+Seaside_Princess][Cupid][HDT2],!<hp100 & hp70>,,attack:1989,force_strike:0,skill_1:1895,skill_2:805,skill_3:382,team_buff:0
7863,Halloween_Elisanne,5*,light,lance,3843,[Heralds_of_Hinomoto+Jewels_of_the_Sun][Cupid][HDT2],<hp70>,,attack:1293,force_strike:260,skill_1:3007,skill_2:793,skill_3:863,team_buff:1645
7497,_c_Halloween_Elisanne,5*,light,lance,3843,[Heralds_of_Hinomoto+Jewels_of_the_Sun][Cupid][HDT2],!<hp70>,,attack:1217,force_strike:245,skill_1:2830,skill_2:746,skill_3:812,team_buff:1645
10384,Halloween_Mym,5*,flame,axe,4018,[Kung_Fu_Masters+Jewels_of_the_Sun][Dreadking_Rathalos][Agito],<hp70 & s1 defdown for 10s & buff all team>,,attack:4214,force_strike:1116,skill_1:1163,skill_2:0,skill_3:0,team_buff:3890
5625,_c_Halloween_Mym,5*,flame,axe,4018,[Kung_Fu_Masters+Jewels_of_the_Sun][Dreadking_Rathalos][Agito],!<hp70 & s1 defdown for 10s & buff all team>,,attack:3555,force_strike:978,skill_1:1091,skill_2:0,skill_3:0,team_buff:0
11012,Halloween_Odetta,4*,water,sword,3795,[Mega_Friends+FirstRate_Hospitality][Dragonyule_Jeanne][HDT2],<buff all team & hp70>,,attack:2005,force_strike:2053,skill_1:2274,skill_2:0,skill_3:1136,team_buff:3542
7539,_c_Halloween_Odetta,4*,water,sword,3795,[Mega_Friends+FirstRate_Hospitality][Dragonyule_Jeanne][HDT2],!<buff all team & hp70>,,attack:1901,force_strike:1946,skill_1:2155,skill_2:0,skill_3:1077,team_buff:459
5973,Hawk,5*,wind,bow,3654,[Forest_Bonds+Dear_Diary][AC011_Garland][HDT2],<hp100 & maintain shield & hp30 every 90s & 80 stun res>,,attack:1576,force_strike:894,skill_1:2513,skill_2:0,skill_3:908,team_buff:0,fs_boost:80
4147,_c_Hawk,5*,wind,bow,3654,[Forest_Bonds+Dear_Diary][AC011_Garland][HDT2],!<hp100 & maintain shield & hp30 every 90s & 80 stun res>,,attack:1222,force_strike:690,skill_1:1502,skill_2:0,skill_3:671,team_buff:0,fs_boost:60
6477,Irfan,3*,light,dagger,3603,[Twinfold_Bonds+Levins_Champion][Daikokuten][HDT2],<hit15 & hp70>,,attack:2410,force_strike:136,skill_1:2299,skill_2:837,skill_3:794,team_buff:0
4821,_c_Irfan,3*,light,dagger,3603,[Twinfold_Bonds+Levins_Champion][Daikokuten][HDT2],!<hit15 & hp70>,,attack:1812,force_strike:108,skill_1:1696,skill_2:617,skill_3:586,team_buff:0
5118,Jakob,3*,water,lance,3764,[Resounding_Rendition+Beautiful_Nothingness][Dragonyule_Jeanne][HDT2],<hp70 & 100 bog res>,,attack:1683,force_strike:317,skill_1:2140,skill_2:0,skill_3:976,team_buff:0
4572,_c_Jakob,3*,water,lance,3764,[Resounding_Rendition+Beautiful_Nothingness][Dragonyule_Jeanne][HDT2],!<hp70 & 100 bog res>,,attack:1504,force_strike:283,skill_1:1912,skill_2:0,skill_3:872,team_buff:0
9795,Joe,3*,flame,bow,3958,[Mega_Friends+Dear_Diary][Dreadking_Rathalos][Agito],<hp30 every 90s & hp100 & 0 burn res>,80% burn uptime,attack:2190,force_strike:2690,skill_1:2902,skill_2:1009,skill_3:0,team_buff:0,s1_burn:655,s2_burn:346
8108,_c_Joe,3*,flame,bow,3958,[Mega_Friends+Dear_Diary][Dreadking_Rathalos][Agito],!<hp30 every 90s & hp100 & 0 burn res>,,attack:2017,force_strike:2479,skill_1:2679,skill_2:931,skill_3:0,team_buff:0,s1_burn:0,s2_burn:0
7579,Johanna,3*,wind,axe,3666,[Kung_Fu_Masters+Crystalian_Envoy][Vayu][HDT2],<hp70>,,attack:1797,force_strike:262,skill_1:2978,skill_2:1339,skill_3:1201,team_buff:0
6839,_c_Johanna,3*,wind,axe,3666,[Kung_Fu_Masters+Crystalian_Envoy][Vayu][HDT2],!<hp70>,,attack:1621,force_strike:237,skill_1:2687,skill_2:1208,skill_3:1084,team_buff:0
6384,Julietta,5*,light,axe,3872,[Kung_Fu_Masters+Flower_in_the_Fray][Cupid][HDT2], ,no fs & no s2,attack:2781,force_strike:0,skill_1:3132,skill_2:0,skill_3:470,team_buff:0
7157,Jurota,3*,water,blade,3807,[Resounding_Rendition+Beautiful_Nothingness][Siren][HDT2],<hp70>,,attack:2103,force_strike:0,skill_1:3851,skill_2:0,skill_3:1202,team_buff:0
6272,_c_Jurota,3*,water,blade,3807,[Resounding_Rendition+Beautiful_Nothingness][Siren][HDT2],!<hp70>,,attack:1843,force_strike:0,skill_1:3375,skill_2:0,skill_3:1053,team_buff:0
7136,Karina,4*,water,axe,3722,[Kung_Fu_Masters+Crystalian_Envoy][Siren][HDT2],<hp70>,,attack:1872,force_strike:88,skill_1:3143,skill_2:1487,skill_3:545,team_buff:0,s1_boost:0
6439,_c_Karina,4*,water,axe,3722,[Kung_Fu_Masters+Crystalian_Envoy][Siren][HDT2],!<hp70>,,attack:1689,force_strike:79,skill_1:2836,skill_2:1342,skill_3:491,team_buff:0,s1_boost:0
14761,Karl,4*,flame,sword,4009,[The_Lurker_in_the_Woods+Primal_Crisis][Dreadking_Rathalos][Agito],<hit15 & hp70>,,attack:4674,force_strike:6021,skill_1:0,skill_2:0,skill_3:0,team_buff:4066
12001,_c_Karl,4*,flame,sword,4009,[The_Lurker_in_the_Woods+Primal_Crisis][Dreadking_Rathalos][Agito],!<hit15 & hp70>,,attack:3474,force_strike:4460,skill_1:0,skill_2:0,skill_3:0,team_buff:4066
7905,Kleimann,4*,shadow,wand,3661,[Candy_Couriers+Primal_Crisis][Fatalis][HDT2],<hit15>,,attack:2688,force_strike:510,skill_1:3666,skill_2:1040,skill_3:0,team_buff:0
6690,_c_Kleimann,4*,shadow,wand,3661,[Candy_Couriers+Primal_Crisis][Fatalis][HDT2],!<hit15>,,attack:2297,force_strike:429,skill_1:3086,skill_2:876,skill_3:0,team_buff:0
6505,Ku_Hai,4*,wind,sword,3592,[The_Lurker_in_the_Woods+Resounding_Rendition][Zephyr][HDT2],<huge hitbox eneny & hp70>,c2+fs during s2,attack:1344,force_strike:140,skill_1:2006,skill_2:0,skill_3:574,team_buff:0,fs_alt:0,fs_alt_hit1:812,fs_alt_hit2:812,fs_alt_hit3:812
4652,_c_Ku_Hai,4*,wind,sword,3592,[The_Lurker_in_the_Woods+Resounding_Rendition][Zephyr][HDT2],!<huge hitbox eneny & hp70>,c2+fs during s2,attack:851,force_strike:217,skill_1:1559,skill_2:0,skill_3:528,team_buff:0,fs_alt:0,fs_alt_hit1:747,fs_alt_hit2:747
6076,Laranoa,5*,water,bow,3658,[Forest_Bonds+Dear_Diary][Siren][HDT2],<buff all team & hp30 every 90s>,doesn't count spbuff for teammates,attack:1250,force_strike:418,skill_1:3552,skill_2:0,skill_3:577,team_buff:278
5283,_c_Laranoa,5*,water,bow,3658,[Forest_Bonds+Dear_Diary][Siren][HDT2],!<buff all team & hp30 every 90s>,doesn't count spbuff for teammates,attack:1138,force_strike:381,skill_1:3234,skill_2:0,skill_3:528,team_buff:0
8619,Lathna,5*,shadow,lance,3822,[Resounding_Rendition+Beautiful_Nothingness][Shinobi][HDT2],<hp70>,no poison,attack:1462,force_strike:0,skill_1:4972,skill_2:1724,skill_3:460,team_buff:0
7553,_c_Lathna,5*,shadow,lance,3822,[Resounding_Rendition+Beautiful_Nothingness][Shinobi][HDT2],!<hp70>,no poison,attack:1281,force_strike:0,skill_1:4357,skill_2:1511,skill_3:403,team_buff:0
5713,Laxi,4*,flame,blade,4043,[Heralds_of_Hinomoto+Dear_Diary][Dreadking_Rathalos][Agito],<hp30 every 90s>,a1 proc at 0s,attack:2199,force_strike:1459,skill_1:1099,skill_2:0,skill_3:0,team_buff:0,s1_boost:954
5300,_c_Laxi,4*,flame,blade,4043,[Heralds_of_Hinomoto+Dear_Diary][Dreadking_Rathalos][Agito],!<hp30 every 90s>,a1 proc at 0s,attack:2038,force_strike:1351,skill_1:1020,skill_2:0,skill_3:0,team_buff:0,s1_boost:888
9210,Lea,5*,flame,sword,3915,[The_Shining_Overlord+Elegant_Escort][Dreadking_Rathalos][Agito],<reflect 500 damage on every s2 & 0 burn res>,c2+fs; 94% burn uptime,attack:1401,force_strike:2103,skill_1:2733,skill_2:1653,skill_3:0,team_buff:0,s1_burn:954,s2_reflect:364
6209,_c_Lea,5*,flame,sword,3915,[The_Shining_Overlord+Elegant_Escort][Dreadking_Rathalos][Agito],!<reflect 500 damage on every s2 & 0 burn res>,c2+fs,attack:1107,force_strike:1663,skill_1:2167,skill_2:1272,skill_3:0,team_buff:0,s1_burn:0,s2_reflect:0
6617,Lily,5*,water,wand,3741,[Candy_Couriers+Seaside_Princess][Siren][HDT2],<hp100>,,attack:1598,force_strike:0,skill_1:3131,skill_2:630,skill_3:1257,team_buff:0
5270,_c_Lily,5*,water,wand,3741,[Candy_Couriers+Seaside_Princess][Siren][HDT2],!<hp100>,,attack:1273,force_strike:0,skill_1:2494,skill_2:501,skill_3:1001,team_buff:0
6278,Linus,3*,light,axe,3831,[Kung_Fu_Masters+Flower_in_the_Fray][Cupid][HDT2], ,,attack:2308,force_strike:225,skill_1:2129,skill_2:1149,skill_3:464,team_buff:0
8606,Lin_You,5*,wind,axe,3789,[Kung_Fu_Masters+Jewels_of_the_Sun][Vayu][HDT2],<hp70>,2in1 ,attack:2242,force_strike:0,skill_1:3960,skill_2:0,skill_3:1271,team_buff:0,s1_powerup:1131
7479,_c_Lin_You,5*,wind,axe,3789,[Kung_Fu_Masters+Jewels_of_the_Sun][Vayu][HDT2],!<hp70>,2in1 ,attack:1948,force_strike:0,skill_1:3442,skill_2:0,skill_3:1105,team_buff:0,s1_powerup:983
7693,Louise,5*,wind,bow,3616,[Dear_Diary+The_Fires_of_Hate][Vayu][HDT2],<hp30 every 90s & hp100 & 0 poison res>,no fs; 88% poison uptime,attack:1890,force_strike:0,skill_1:2414,skill_2:2139,skill_3:558,team_buff:0,s1_poison:691
4331,_c_Louise,5*,wind,bow,3616,[Dear_Diary+The_Fires_of_Hate][Vayu][HDT2],!<hp30 every 90s & hp100 & 0 poison res>,no fs,attack:1313,force_strike:0,skill_1:1681,skill_2:960,skill_3:376,team_buff:0,s1_poison:0
6175,Luca,4*,light,bow,3507,[Forest_Bonds+Dear_Diary][Daikokuten][HDT2],<hp100 & hit15 & hp30 every 90s & 0 paralysis res>,86% paralysis uptime,attack:1642,force_strike:937,skill_1:1855,skill_2:748,skill_3:411,team_buff:0,s1_paralysis:580
4098,_c_Luca,4*,light,bow,3507,[Forest_Bonds+Dear_Diary][Daikokuten][HDT2],!<hp100 & hit15 & hp30 every 90s & 0 paralysis res>,,attack:1212,force_strike:684,skill_1:1354,skill_2:546,skill_3:300,team_buff:0,s1_paralysis:0
7023,Lucretia,5*,light,wand,3844,[Candy_Couriers+Primal_Crisis][Daikokuten][HDT2],<energy & hit15>,,attack:3141,force_strike:0,skill_1:2616,skill_2:0,skill_3:848,team_buff:0,team_energy:114,s3_energized:302
4577,_c_Lucretia,5*,light,wand,3844,[Candy_Couriers+Primal_Crisis][Daikokuten][HDT2],!<energy & hit15>,,attack:2245,force_strike:0,skill_1:1812,skill_2:0,skill_3:520,team_buff:0
6860,Luther,4*,water,dagger,3683,[Twinfold_Bonds+The_Prince_of_Dragonyule][Siren][HDT2],<hit15>,,attack:1741,force_strike:104,skill_1:3241,skill_2:1068,skill_3:577,team_buff:126
5244,_c_Luther,4*,water,dagger,3683,[Twinfold_Bonds+The_Prince_of_Dragonyule][Siren][HDT2],!<hit15>,,attack:1345,force_strike:86,skill_1:2444,skill_2:805,skill_3:435,team_buff:126
6096,Malka,3*,light,lance,3803,[Resounding_Rendition+Jewels_of_the_Sun][Cupid][HDT2],<hp70>,,attack:2056,force_strike:0,skill_1:2080,skill_2:0,skill_3:1021,team_buff:937
5539,_c_Malka,3*,light,lance,3803,[Resounding_Rendition+Jewels_of_the_Sun][Cupid][HDT2],!<hp70>,,attack:1834,force_strike:0,skill_1:1855,skill_2:0,skill_3:911,team_buff:937
6381,Malora,3*,light,bow,3507,[Forest_Bonds+Dear_Diary][Daikokuten][HDT2],<hit15 & hp30 every 90s>,,attack:1628,force_strike:499,skill_1:2232,skill_2:927,skill_3:808,team_buff:285
5072,_c_Malora,3*,light,bow,3507,[Forest_Bonds+Dear_Diary][Daikokuten][HDT2],!<hit15 & hp30 every 90s>,,attack:1289,force_strike:391,skill_1:1747,skill_2:726,skill_3:632,team_buff:285
10956,Maribelle,5*,wind,wand,3867,[Candy_Couriers+Primal_Crisis][AC011_Garland][HDT2],<maintain shield & hp100 & hit15>,,attack:2270,force_strike:0,skill_1:4060,skill_2:2141,skill_3:2021,team_buff:463
6955,_c_Maribelle,5*,wind,wand,3867,[Candy_Couriers+Primal_Crisis][AC011_Garland][HDT2],!<maintain shield & hp100 & hit15>,,attack:1645,force_strike:0,skill_1:2392,skill_2:1229,skill_3:1224,team_buff:463
12289,Marth,5*,flame,sword,3906,[Mega_Friends+Primal_Crisis][Dreadking_Rathalos][Agito],<hit15>,c2fs,attack:2090,force_strike:3098,skill_1:3686,skill_2:1730,skill_3:0,team_buff:1683
9912,_c_Marth,5*,flame,sword,3906,[Mega_Friends+Primal_Crisis][Dreadking_Rathalos][Agito],!<hit15>,c2fs,attack:1621,force_strike:2402,skill_1:2817,skill_2:1387,skill_3:0,team_buff:1683
8818,Marty,3*,flame,sword,3777,[Mega_Friends+Beautiful_Nothingness][Dreadking_Rathalos][Agito],<hp70>,,attack:1921,force_strike:2851,skill_1:4046,skill_2:0,skill_3:0,team_buff:0
8284,_c_Marty,3*,flame,sword,3777,[Mega_Friends+Beautiful_Nothingness][Dreadking_Rathalos][Agito],!<hp70>,,attack:1804,force_strike:2678,skill_1:3800,skill_2:0,skill_3:0,team_buff:0
10870,Melody,3*,wind,blade,3805,[Resounding_Rendition+A_Dogs_Day][AC011_Garland][HDT2],<maintain shield & hp100 & hp70>,no s2,attack:3861,force_strike:311,skill_1:0,skill_2:0,skill_3:1207,team_buff:5490
9651,_c_Melody,3*,wind,blade,3805,[Resounding_Rendition+A_Dogs_Day][AC011_Garland][HDT2],!<maintain shield & hp100 & hp70>,no s2,attack:3012,force_strike:242,skill_1:0,skill_2:0,skill_3:906,team_buff:5490
7934,Melsa,4*,flame,dagger,3813,[Twinfold_Bonds+The_Lurker_in_the_Woods][Dreadking_Rathalos][Agito],<hit15>,,attack:1529,force_strike:2949,skill_1:2384,skill_2:1070,skill_3:0,team_buff:0
6914,_c_Melsa,4*,flame,dagger,3813,[Twinfold_Bonds+The_Lurker_in_the_Woods][Dreadking_Rathalos][Agito],!<hit15>,,attack:1340,force_strike:2579,skill_1:2067,skill_2:928,skill_3:0,team_buff:0
8878,Mikoto,5*,flame,blade,4066,[Resounding_Rendition+Beautiful_Nothingness][Arctos][Agito],<hp70>,,attack:5298,force_strike:0,skill_1:3579,skill_2:0,skill_3:0,team_buff:0
6982,_c_Mikoto,5*,flame,blade,4066,[Resounding_Rendition+Beautiful_Nothingness][Arctos][Agito],!<hp70>,,attack:4167,force_strike:0,skill_1:2815,skill_2:0,skill_3:0,team_buff:0
10290,Musashi,4*,wind,blade,3861,[Resounding_Rendition+The_Fires_of_Hate][Vayu][HDT2],<last offense & hp70 & hp100 & 0 poison res>,90% poison uptime,attack:2717,force_strike:0,skill_1:5028,skill_2:0,skill_3:1323,team_buff:0,s1_poison:1220
6024,_c_Musashi,4*,wind,blade,3861,[Resounding_Rendition+The_Fires_of_Hate][Vayu][HDT2],!<last offense & hp70 & hp100 & 0 poison res>,,attack:1777,force_strike:0,skill_1:3316,skill_2:0,skill_3:930,team_buff:0,s1_poison:0
11629,Naveed,5*,flame,sword,4082,[The_Shining_Overlord+Primal_Crisis][Konohana_Sakuya][Agito],<hit15>,,attack:2272,force_strike:636,skill_1:4830,skill_2:0,skill_3:0,team_buff:0,s1_boost:3890
9003,_c_Naveed,5*,flame,sword,4082,[The_Shining_Overlord+Primal_Crisis][Konohana_Sakuya][Agito],!<hit15>,,attack:1763,force_strike:482,skill_1:3777,skill_2:0,skill_3:0,team_buff:0,s1_boost:2979
7280,Nefaria,5*,shadow,bow,3608,[Forest_Bonds+Dear_Diary][Fatalis][HDT2],<hp30 every 90s & hp100 & 80 blind res>,,attack:1730,force_strike:1075,skill_1:3321,skill_2:0,skill_3:1052,team_buff:0,fs_boost:101
5382,_c_Nefaria,5*,shadow,bow,3608,[Forest_Bonds+Dear_Diary][Fatalis][HDT2],!<hp30 every 90s & hp100 & 80 blind res>,,attack:1482,force_strike:889,skill_1:2130,skill_2:0,skill_3:794,team_buff:0,fs_boost:86
8434,Nicolas,3*,wind,wand,3826,[Candy_Couriers+Primal_Crisis][Vayu][HDT2],<hit15>,,attack:1984,force_strike:0,skill_1:3560,skill_2:1601,skill_3:1288,team_buff:0
6793,_c_Nicolas,3*,wind,wand,3826,[Candy_Couriers+Primal_Crisis][Vayu][HDT2],!<hit15>,,attack:1621,force_strike:0,skill_1:2854,skill_2:1283,skill_3:1033,team_buff:0
13819,Noelle,4*,wind,wand,3798,[A_Dogs_Day+Castle_Cheer_Corps][Freyja][HDT2],<buff all team>,,attack:2089,force_strike:0,skill_1:0,skill_2:1178,skill_3:895,team_buff:9654
4164,_c_Noelle,4*,wind,wand,3798,[A_Dogs_Day+Castle_Cheer_Corps][Freyja][HDT2],!<buff all team>,,attack:2089,force_strike:0,skill_1:0,skill_2:1178,skill_3:895,team_buff:0
6685,Norwin,4*,shadow,bow,3621,[Forest_Bonds+Dear_Diary][Fatalis][HDT2],<hp30 every 90s & 80 blind res>,,attack:1728,force_strike:256,skill_1:3352,skill_2:0,skill_3:935,team_buff:413
5422,_c_Norwin,4*,shadow,bow,3621,[Forest_Bonds+Dear_Diary][Fatalis][HDT2],!<hp30 every 90s & 80 blind res>,,attack:1512,force_strike:224,skill_1:2884,skill_2:0,skill_3:801,team_buff:0
9944,Odetta,4*,light,sword,3737,[Resounding_Rendition+The_Lurker_in_the_Woods][Cupid][HDT2],<buff all team & hp70>,c2+fs,attack:1908,force_strike:2090,skill_1:2124,skill_2:0,skill_3:1050,team_buff:2771
6857,_c_Odetta,4*,light,sword,3737,[Resounding_Rendition+The_Lurker_in_the_Woods][Cupid][HDT2],!<buff all team & hp70>,c2+fs,attack:1702,force_strike:1864,skill_1:1894,skill_2:0,skill_3:936,team_buff:459
6870,Orion,4*,shadow,dagger,3572,[Twinfold_Bonds+Howling_to_the_Heavens][Fatalis][HDT2],<hit15>,,attack:2365,force_strike:213,skill_1:1852,skill_2:1062,skill_3:1376,team_buff:0
5476,_c_Orion,4*,shadow,dagger,3572,[Twinfold_Bonds+Howling_to_the_Heavens][Fatalis][HDT2],!<hit15>,,attack:1893,force_strike:167,skill_1:1505,skill_2:832,skill_3:1077,team_buff:0
7181,Orsem,4*,water,dagger,3723,[Twinfold_Bonds+The_Prince_of_Dragonyule][Siren][HDT2],<hit15 & hp70>,,attack:1541,force_strike:308,skill_1:2898,skill_2:1238,skill_3:1194,team_buff:0
5238,_c_Orsem,4*,water,dagger,3723,[Twinfold_Bonds+The_Prince_of_Dragonyule][Siren][HDT2],!<hit15 & hp70>,,attack:1147,force_strike:230,skill_1:2098,skill_2:897,skill_3:865,team_buff:0
6063,Philia,3*,wind,bow,3613,[Forest_Bonds+Dear_Diary][AC011_Garland][HDT2],<maintain shield & hp100 & hp30 every 90s & 0 paralysis res>,42% paralysis uptime,attack:2238,force_strike:0,skill_1:1845,skill_2:919,skill_3:919,team_buff:0,s2_paralysis:140
4402,_c_Philia,3*,wind,bow,3613,[Forest_Bonds+Dear_Diary][AC011_Garland][HDT2],!<maintain shield & hp100 & hp30 every 90s & 0 paralysis res>,,attack:1679,force_strike:0,skill_1:1367,skill_2:696,skill_3:659,team_buff:0,s2_paralysis:0
5315,Pia,4*,wind,lance,3669,[Resounding_Rendition+Beautiful_Nothingness][Vayu][HDT2],<energy & hp70>,,attack:1345,force_strike:196,skill_1:2815,skill_2:0,skill_3:883,team_buff:0,team_energy:75
4592,_c_Pia,4*,wind,lance,3669,[Resounding_Rendition+Beautiful_Nothingness][Vayu][HDT2],!<energy & hp70>,,attack:1179,force_strike:172,skill_1:2467,skill_2:0,skill_3:773,team_buff:0
5661,Pietro,3*,water,axe,3702,[Kung_Fu_Masters+Flower_in_the_Fray][Siren][HDT2], ,,attack:1792,force_strike:208,skill_1:3097,skill_2:0,skill_3:563,team_buff:0
6589,Raemond,3*,light,sword,3710,[The_Shining_Overlord+Beautiful_Nothingness][Cupid][HDT2],<hp70>,,attack:1845,force_strike:848,skill_1:2101,skill_2:940,skill_3:854,team_buff:0
6202,_c_Raemond,3*,light,sword,3710,[The_Shining_Overlord+Beautiful_Nothingness][Cupid][HDT2],!<hp70>,,attack:1736,force_strike:798,skill_1:1977,skill_2:884,skill_3:804,team_buff:0
10384,Ramona,5*,flame,axe,4053,[Kung_Fu_Masters+Valiant_Crown][Konohana_Sakuya][Agito], ,,attack:1998,force_strike:0,skill_1:8386,skill_2:0,skill_3:0,team_buff:0
6510,Ranzal,4*,wind,axe,3666,[Kung_Fu_Masters+Crystalian_Envoy][Vayu][HDT2],<hp70>,do not use fs,attack:2056,force_strike:0,skill_1:3258,skill_2:0,skill_3:1194,team_buff:0
5873,_c_Ranzal,4*,wind,axe,3666,[Kung_Fu_Masters+Crystalian_Envoy][Vayu][HDT2],!<hp70>,do not use fs,attack:1855,force_strike:0,skill_1:2939,skill_2:0,skill_3:1077,team_buff:0
5515,Rawn,4*,light,bow,3523,[Forest_Bonds+Dear_Diary][Daikokuten][HDT2],<hit15 & hp30 every 90s>,,attack:1644,force_strike:396,skill_1:1725,skill_2:985,skill_3:764,team_buff:0
4332,_c_Rawn,4*,light,bow,3523,[Forest_Bonds+Dear_Diary][Daikokuten][HDT2],!<hit15 & hp30 every 90s>,,attack:1301,force_strike:310,skill_1:1350,skill_2:771,skill_3:598,team_buff:0
12382,Rena,5*,flame,blade,3982,[Resounding_Rendition+Elegant_Escort][Konohana_Sakuya][Agito],<hp70 & 0 burn res>,86% burn uptime,attack:2968,force_strike:0,skill_1:7428,skill_2:0,skill_3:0,team_buff:0,s1_burn:1985
6538,_c_Rena,5*,flame,blade,3982,[Resounding_Rendition+Elegant_Escort][Konohana_Sakuya][Agito],!<hp70 & 0 burn res>,,attack:2210,force_strike:0,skill_1:4328,skill_2:0,skill_3:0,team_buff:0,s1_burn:0
6474,Renee,4*,water,dagger,3683,[Twinfold_Bonds+The_Prince_of_Dragonyule][Siren][HDT2],<hit15 & 100 bog res>,,attack:1672,force_strike:169,skill_1:2806,skill_2:767,skill_3:1057,team_buff:0
5327,_c_Renee,4*,water,dagger,3683,[Twinfold_Bonds+The_Prince_of_Dragonyule][Siren][HDT2],!<hit15 & 100 bog res>,,attack:1392,force_strike:142,skill_1:2313,skill_2:621,skill_3:856,team_buff:0
11884,Renelle,3*,flame,dagger,3966,[Twinfold_Bonds+Elegant_Escort][Dreadking_Rathalos][Agito],<hit15 & 0 burn res>,84% burn uptime,attack:2532,force_strike:3139,skill_1:3423,skill_2:1436,skill_3:0,team_buff:141,s1_burn:776,s2_burn:434
7233,_c_Renelle,3*,flame,dagger,3966,[Twinfold_Bonds+Elegant_Escort][Dreadking_Rathalos][Agito],!<hit15 & 0 burn res>,,attack:1713,force_strike:2131,skill_1:2323,skill_2:923,skill_3:0,team_buff:141,s1_burn:0,s2_burn:0
6672,Rex,3*,water,axe,3786,[Kung_Fu_Masters+Crystalian_Envoy][Siren][HDT2],<hp70>,,attack:1942,force_strike:180,skill_1:3069,skill_2:921,skill_3:558,team_buff:0
6020,_c_Rex,3*,water,axe,3786,[Kung_Fu_Masters+Crystalian_Envoy][Siren][HDT2],!<hp70>,,attack:1752,force_strike:162,skill_1:2769,skill_2:831,skill_3:503,team_buff:0
7587,Rodrigo,3*,shadow,sword,3682,[The_Shining_Overlord+Jewels_of_the_Sun][Fatalis][HDT2],<hp70>,,attack:2168,force_strike:669,skill_1:2633,skill_2:1053,skill_3:1061,team_buff:0
6897,_c_Rodrigo,3*,shadow,sword,3682,[The_Shining_Overlord+Jewels_of_the_Sun][Fatalis][HDT2],!<hp70>,,attack:1971,force_strike:608,skill_1:2394,skill_2:958,skill_3:965,team_buff:0
4428,Ryozen,4*,light,lance,3766,[Resounding_Rendition+Beautiful_Nothingness][Cupid][HDT2],<hp70>,,attack:1856,force_strike:408,skill_1:0,skill_2:1187,skill_3:976,team_buff:0
3956,_c_Ryozen,4*,light,lance,3766,[Resounding_Rendition+Beautiful_Nothingness][Cupid][HDT2],!<hp70>,,attack:1658,force_strike:364,skill_1:0,skill_2:1061,skill_3:872,team_buff:0
9310,Summer_Celliera,5*,water,sword,3793,[The_Shining_Overlord+FirstRate_Hospitality][Dragonyule_Jeanne][HDT2],<hp70 & 100 bog res>,,attack:1918,force_strike:1290,skill_1:3142,skill_2:885,skill_3:1027,team_buff:1045
8878,_c_Summer_Celliera,5*,water,sword,3793,[The_Shining_Overlord+FirstRate_Hospitality][Dragonyule_Jeanne][HDT2],!<hp70 & 100 bog res>,,attack:1818,force_strike:1223,skill_1:2978,skill_2:839,skill_3:973,team_buff:1045
8985,Summer_Estelle,4*,water,wand,3664,[Candy_Couriers+Primal_Crisis][Siren][HDT2],<buff all team & hit15>,,attack:2222,force_strike:0,skill_1:3628,skill_2:0,skill_3:1438,team_buff:1696
6233,_c_Summer_Estelle,4*,water,wand,3664,[Candy_Couriers+Primal_Crisis][Siren][HDT2],!<buff all team & hit15>,,attack:1810,force_strike:0,skill_1:2909,skill_2:0,skill_3:1153,team_buff:359
8401,Summer_Julietta,5*,water,axe,3836,[Kung_Fu_Masters+Jewels_of_the_Sun][Siren][HDT2],<buff all team & hp70 & 100 bog res>,,attack:2282,force_strike:0,skill_1:3218,skill_2:0,skill_3:1310,team_buff:1590
6287,_c_Summer_Julietta,5*,water,axe,3836,[Kung_Fu_Masters+Jewels_of_the_Sun][Siren][HDT2],!<buff all team & hp70 & 100 bog res>,,attack:2106,force_strike:0,skill_1:2971,skill_2:0,skill_3:1209,team_buff:0
12359,Student_Maribelle,5*,flame,wand,3989,[Candy_Couriers+Primal_Crisis][Konohana_Sakuya][Agito],<hp100 & hit15>,,attack:2013,force_strike:465,skill_1:6716,skill_2:2645,skill_3:0,team_buff:518
8933,_c_Student_Maribelle,5*,flame,wand,3989,[Candy_Couriers+Primal_Crisis][Konohana_Sakuya][Agito],!<hp100 & hit15>,,attack:1647,force_strike:372,skill_1:4587,skill_2:1806,skill_3:0,team_buff:518
6001,Summer_Ranzal,4*,water,blade,3746,[Resounding_Rendition+FirstRate_Hospitality][Siren][HDT2],<buff all team & last offense & hp70 & 100 bog res>,,attack:2090,force_strike:0,skill_1:2677,skill_2:0,skill_3:658,team_buff:576
4474,_c_Summer_Ranzal,4*,water,blade,3746,[Resounding_Rendition+FirstRate_Hospitality][Siren][HDT2],!<buff all team & last offense & hp70 & 100 bog res>,,attack:1669,force_strike:0,skill_1:2220,skill_2:0,skill_3:584,team_buff:0
10199,Serena,4*,flame,sword,3796,[Mega_Friends+Primal_Crisis][Dreadking_Rathalos][Agito],<always connect hits & hit15>,,attack:1899,force_strike:2805,skill_1:3698,skill_2:1796,skill_3:0,team_buff:0
8075,_c_Serena,4*,flame,sword,3796,[Mega_Friends+Primal_Crisis][Dreadking_Rathalos][Agito],!<always connect hits & hit15>,,attack:1516,force_strike:2235,skill_1:2924,skill_2:1399,skill_3:0,team_buff:0
5558,Su_Fang,4*,wind,dagger,3557,[Twinfold_Bonds+Levins_Champion][Vayu][HDT2],<hit15 & hp70>,,attack:1815,force_strike:146,skill_1:2142,skill_2:0,skill_3:1453,team_buff:0
4604,_c_Su_Fang,4*,wind,dagger,3557,[Twinfold_Bonds+Levins_Champion][Vayu][HDT2],!<hit15 & hp70>,,attack:1512,force_strike:123,skill_1:1768,skill_2:0,skill_3:1199,team_buff:0
8665,Sylas,5*,wind,lance,3744,[Resounding_Rendition+The_Fires_of_Hate][Vayu][HDT2],<hp70 & hp100 & 0 poison res>,not consider skill haste for team; 92% poison uptime,attack:2140,force_strike:169,skill_1:3709,skill_2:0,skill_3:1232,team_buff:336,s1_poison:1077
5071,_c_Sylas,5*,wind,lance,3744,[Resounding_Rendition+The_Fires_of_Hate][Vayu][HDT2],!<hp70 & hp100 & 0 poison res>,not consider skill haste for team,attack:1401,force_strike:113,skill_1:2432,skill_2:0,skill_3:789,team_buff:336,s1_poison:0
7099,Taro,3*,shadow,blade,3895,[Resounding_Rendition+Beautiful_Nothingness][Fatalis][HDT2],<hp70>,,attack:2415,force_strike:0,skill_1:2527,skill_2:1135,skill_3:1020,team_buff:0
6385,_c_Taro,3*,shadow,blade,3895,[Resounding_Rendition+Beautiful_Nothingness][Fatalis][HDT2],!<hp70>,,attack:2172,force_strike:0,skill_1:2273,skill_2:1021,skill_3:918,team_buff:0
9266,Valentines_Ezelith,4*,flame,bow,3774,[Elegant_Escort+Dear_Diary][Dreadking_Rathalos][Agito],<never lose combos & hp30 every 90s & 0 burn res>,78% burn uptime,attack:1366,force_strike:3452,skill_1:1795,skill_2:1005,skill_3:0,team_buff:683,s1_burn:563,s1_energized:398
6331,_c_Valentines_Ezelith,4*,flame,bow,3774,[Elegant_Escort+Dear_Diary][Dreadking_Rathalos][Agito],!<never lose combos & hp30 every 90s & 0 burn res>,,attack:1026,force_strike:2564,skill_1:1337,skill_2:719,skill_3:0,team_buff:683,s1_burn:0
10415,Valentines_Orion,3*,flame,sword,3845,[Mega_Friends+Elegant_Escort][Dreadking_Rathalos][Agito],<0 burn res>,92% burn uptime,attack:2253,force_strike:3338,skill_1:3827,skill_2:0,skill_3:0,team_buff:0,s1_burn:996
7443,_c_Valentines_Orion,3*,flame,sword,3845,[Mega_Friends+Elegant_Escort][Dreadking_Rathalos][Agito],!<0 burn res>,,attack:1776,force_strike:2635,skill_1:3032,skill_2:0,skill_3:0,team_buff:0,s1_burn:0
8935,Vanessa,4*,flame,axe,4023,[Kung_Fu_Masters+Mega_Friends][Dreadking_Rathalos][Agito],<last offense>,,attack:3143,force_strike:1017,skill_1:3535,skill_2:946,skill_3:0,team_buff:292
8523,_c_Vanessa,4*,flame,axe,4023,[Kung_Fu_Masters+Mega_Friends][Dreadking_Rathalos][Agito],!<last offense>,,attack:2951,force_strike:936,skill_1:3396,skill_2:946,skill_3:0,team_buff:292
12010,Veronica,5*,shadow,wand,3736,[Candy_Couriers+Primal_Crisis][Shinobi][HDT2],<hit15 & hp=80%>,,attack:1983,force_strike:0,skill_1:6315,skill_2:1776,skill_3:1252,team_buff:683
9913,_c_Veronica,5*,shadow,wand,3736,[Candy_Couriers+Primal_Crisis][Shinobi][HDT2],!<hit15 & hp=80%>,,attack:1616,force_strike:0,skill_1:5185,skill_2:1424,skill_3:1004,team_buff:683
6432,Vice,3*,shadow,dagger,3557,[Twinfold_Bonds+Howling_to_the_Heavens][Fatalis][HDT2],<hit15>,,attack:2575,force_strike:145,skill_1:2398,skill_2:875,skill_3:438,team_buff:0
5448,_c_Vice,3*,shadow,dagger,3557,[Twinfold_Bonds+Howling_to_the_Heavens][Fatalis][HDT2],!<hit15>,,attack:2197,force_strike:128,skill_1:2016,skill_2:736,skill_3:368,team_buff:0
6089,Vida,3*,shadow,dagger,3557,[Twinfold_Bonds+Howling_to_the_Heavens][Fatalis][HDT2],<hit15>,,attack:2620,force_strike:245,skill_1:2320,skill_2:0,skill_3:845,team_buff:0,fs_boost:57
5160,_c_Vida,3*,shadow,dagger,3557,[Twinfold_Bonds+Howling_to_the_Heavens][Fatalis][HDT2],!<hit15>,,attack:2233,force_strike:215,skill_1:1951,skill_2:0,skill_3:711,team_buff:0,fs_boost:48
7731,Wedding_Aoi,5*,wind,dagger,3558,[Twinfold_Bonds+Levins_Champion][Vayu][HDT2],<big hitbox & hit15 & hp70 & 80 sleep res>,,attack:1459,force_strike:98,skill_1:3357,skill_2:0,skill_3:461,team_buff:382,s1_hit1:485,s1_hit2:495,s1_hit3:495,s1_hit4:495
4576,_c_Wedding_Aoi,5*,wind,dagger,3558,[Twinfold_Bonds+Levins_Champion][Vayu][HDT2],!<big hitbox & hit15 & hp70 & 80 sleep res>,,attack:1197,force_strike:82,skill_1:2529,skill_2:0,skill_3:369,team_buff:0,s1_hit1:397
9754,Wedding_Elisanne,5*,wind,sword,3571,[The_Shining_Overlord+FirstRate_Hospitality][Vayu][HDT2],<hp70 & s2 defdown for 10s>,2in1,attack:1248,force_strike:665,skill_1:3994,skill_2:1225,skill_3:975,team_buff:1645
9247,_c_Wedding_Elisanne,5*,wind,sword,3571,[The_Shining_Overlord+FirstRate_Hospitality][Vayu][HDT2],!<hp70 & s2 defdown for 10s>,2in1,attack:1170,force_strike:624,skill_1:3744,skill_2:1148,skill_3:914,team_buff:1645
4771,Waike,3*,water,bow,3618,[Forest_Bonds+Dear_Diary][Siren][HDT2],<hp30 every 90s & 100 bog res>,,attack:1087,force_strike:598,skill_1:1982,skill_2:672,skill_3:430,team_buff:0
4338,_c_Waike,3*,water,bow,3618,[Forest_Bonds+Dear_Diary][Siren][HDT2],!<hp30 every 90s & 100 bog res>,,attack:988,force_strike:543,skill_1:1802,skill_2:611,skill_3:391,team_buff:0
6931,Xainfried,5*,water,lance,3843,[Resounding_Rendition+Beautiful_Nothingness][Siren][HDT2],<hp70>,use s1 only to cancel c5 or fs,attack:1335,force_strike:183,skill_1:3480,skill_2:0,skill_3:824,team_buff:1108
6211,_c_Xainfried,5*,water,lance,3843,[Resounding_Rendition+Beautiful_Nothingness][Siren][HDT2],!<hp70>,use s1 only to cancel c5 or fs,attack:1170,force_strike:160,skill_1:3049,skill_2:0,skill_3:722,team_buff:1108
7814,Xander,5*,water,sword,3843,[The_Shining_Overlord+Jewels_of_the_Sun][Siren][HDT2],<hp70>,c2+fs,attack:1029,force_strike:1146,skill_1:3151,skill_2:1421,skill_3:1065,team_buff:0,s1_boost:0
7213,_c_Xander,5*,water,sword,3843,[The_Shining_Overlord+Jewels_of_the_Sun][Siren][HDT2],!<hp70>,c2+fs,attack:950,force_strike:1057,skill_1:2909,skill_2:1311,skill_3:983,team_buff:0,s1_boost:0
14147,Xania,3*,flame,wand,4124,[Candy_Couriers+Primal_Crisis][Apollo][Agito],<hit15 & 0 burn res>,88% burn uptime,attack:3629,force_strike:728,skill_1:5647,skill_2:2489,skill_3:0,team_buff:0,s1_burn:1111,s2_burn:540
8855,_c_Xania,3*,flame,wand,4124,[Candy_Couriers+Primal_Crisis][Apollo][Agito],!<hit15 & 0 burn res>,,attack:2597,force_strike:515,skill_1:3990,skill_2:1751,skill_3:0,team_buff:0,s1_burn:0,s2_burn:0
9260,Xiao_Lei,3*,light,wand,3762,[Candy_Couriers+Primal_Crisis][Daikokuten][HDT2],<hit15>,,attack:3190,force_strike:0,skill_1:3694,skill_2:0,skill_3:1579,team_buff:796
6884,_c_Xiao_Lei,3*,light,wand,3762,[Candy_Couriers+Primal_Crisis][Daikokuten][HDT2],!<hit15>,,attack:2334,force_strike:0,skill_1:2639,skill_2:0,skill_3:1113,team_buff:796
7956,Xuan_Zang,4*,flame,lance,3893,[Resounding_Rendition+Jewels_of_the_Sun][Dreadking_Rathalos][Agito],<hp70>,,attack:2558,force_strike:1062,skill_1:2642,skill_2:0,skill_3:0,team_buff:1274,s1_boost:418
6997,_c_Xuan_Zang,4*,flame,lance,3893,[Resounding_Rendition+Jewels_of_the_Sun][Dreadking_Rathalos][Agito],!<hp70>,,attack:2191,force_strike:910,skill_1:2263,skill_2:0,skill_3:0,team_buff:1274,s1_boost:358
10333,Yachiyo,4*,light,blade,3776,[Mega_Friends+Spirit_of_the_Season][Corsaint_Phoenix][HDT2],<hp100 & 0 paralysis res>,85% paralysis uptime,attack:3644,force_strike:64,skill_1:4108,skill_2:0,skill_3:1427,team_buff:0,s1_paralysis:600,fs_boost:487
5023,_c_Yachiyo,4*,light,blade,3776,[Mega_Friends+Spirit_of_the_Season][Corsaint_Phoenix][HDT2],!<hp100 & 0 paralysis res>,,attack:1987,force_strike:33,skill_1:2035,skill_2:0,skill_3:716,team_buff:0,s1_paralysis:0,fs_boost:250
8761,Yaten,5*,shadow,sword,3710,[The_Shining_Overlord+Beautiful_Nothingness][Fatalis][HDT2],<energy & hp70>,,attack:2080,force_strike:945,skill_1:2906,skill_2:0,skill_3:1283,team_buff:0,team_energy:200,s1_boost:729,s1_boost_energized:260,s1_energized:354
6275,_c_Yaten,5*,shadow,sword,3710,[The_Shining_Overlord+Beautiful_Nothingness][Fatalis][HDT2],!<energy & hp70>,,attack:1770,force_strike:804,skill_1:2690,skill_2:0,skill_3:1009,team_buff:0
7088,Yue,4*,flame,axe,3927,[Kung_Fu_Masters+Flower_in_the_Fray][Arctos][Agito], ,,attack:3332,force_strike:422,skill_1:3333,skill_2:0,skill_3:0,team_buff:0
6958,Yuya,4*,flame,dagger,3857,[Twinfold_Bonds+Levins_Champion][Konohana_Sakuya][Agito],<hit15 & hp70 & hp60>,,attack:2543,force_strike:729,skill_1:3685,skill_2:0,skill_3:0,team_buff:0
4217,_c_Yuya,4*,flame,dagger,3857,[Twinfold_Bonds+Levins_Champion][Konohana_Sakuya][Agito],!<hit15 & hp70 & hp60>,,attack:1540,force_strike:439,skill_1:2237,skill_2:0,skill_3:0,team_buff:0
6626,Zace,3*,shadow,lance,3620,[Resounding_Rendition+Jewels_of_the_Sun][Fatalis][HDT2],<hp70>,,attack:1752,force_strike:275,skill_1:2807,skill_2:945,skill_3:845,team_buff:0
5949,_c_Zace,3*,shadow,lance,3620,[Resounding_Rendition+Jewels_of_the_Sun][Fatalis][HDT2],!<hp70>,,attack:1573,force_strike:247,skill_1:2520,skill_2:848,skill_3:759,team_buff:0
7941,Zardin,3*,water,sword,3712,[The_Shining_Overlord+Beautiful_Nothingness][Siren][HDT2],<hp100 & hp70>,,attack:1596,force_strike:726,skill_1:3185,skill_2:1274,skill_3:1158,team_buff:0
6806,_c_Zardin,3*,water,sword,3712,[The_Shining_Overlord+Beautiful_Nothingness][Siren][HDT2],!<hp100 & hp70>,,attack:1368,force_strike:622,skill_1:2730,skill_2:1092,skill_3:992,team_buff:0
12225,Chitose,4*,light,wand,3715,[Jewels_of_the_Sun+A_Game_of_Cat_and_Boar][Daikokuten][HDT2],<buff all team & hit15 & hp70>,,attack:3569,force_strike:0,skill_1:0,skill_2:0,skill_3:1046,team_buff:7608
3743,_c_Chitose,4*,light,wand,3715,[Jewels_of_the_Sun+A_Game_of_Cat_and_Boar][Daikokuten][HDT2],!<buff all team & hit15 & hp70>,,attack:2899,force_strike:0,skill_1:0,skill_2:0,skill_3:843,team_buff:0
7396,Hanabusa,4*,light,blade,3779,[Resounding_Rendition+Jewels_of_the_Sun][Cupid][HDT2],<hp70>,,attack:2636,force_strike:0,skill_1:2909,skill_2:0,skill_3:871,team_buff:979
6703,_c_Hanabusa,4*,light,blade,3779,[Resounding_Rendition+Jewels_of_the_Sun][Cupid][HDT2],!<hp70>,,attack:2351,force_strike:0,skill_1:2595,skill_2:0,skill_3:777,team_buff:979
14336,Mitsuhide,5*,light,dagger,3685,[Twinfold_Bonds+Spirit_of_the_Season][Daikokuten][HDT2],<hit15 & hp100 & 0 paralysis res>,91% paralysis uptime,attack:3439,force_strike:704,skill_1:3897,skill_2:3248,skill_3:1868,team_buff:0,s1_paralysis:1178
6326,_c_Mitsuhide,5*,light,dagger,3685,[Twinfold_Bonds+Spirit_of_the_Season][Daikokuten][HDT2],!<hit15 & hp100 & 0 paralysis res>,,attack:1718,force_strike:361,skill_1:1838,skill_2:1525,skill_3:882,team_buff:0,s1_paralysis:0
11157,Nobunaga,5*,flame,blade,4069,[Resounding_Rendition+Primal_Crisis][Konohana_Sakuya][Agito],<hit15 & hp70>,,attack:3102,force_strike:206,skill_1:2508,skill_2:2387,skill_3:0,team_buff:0,s1_boost:2952
7678,_c_Nobunaga,5*,flame,blade,4069,[Resounding_Rendition+Primal_Crisis][Konohana_Sakuya][Agito],!<hit15 & hp70>,,attack:2198,force_strike:145,skill_1:1705,skill_2:1622,skill_3:0,team_buff:0,s1_boost:2006
10077,Kirsty,5*,wind,lance,3769,[Resounding_Rendition+Beautiful_Nothingness][AC011_Garland][HDT2],<maintain shield & hp70 & maintain Dauntless Strength>,no poison,attack:3336,force_strike:0,skill_1:3821,skill_2:0,skill_3:1261,team_buff:1657
6715,_c_Kirsty,5*,wind,lance,3769,[Resounding_Rendition+Beautiful_Nothingness][AC011_Garland][HDT2],!<maintain shield & hp70 & maintain Dauntless Strength>,no poison,attack:2042,force_strike:0,skill_1:2307,skill_2:0,skill_3:709,team_buff:1657
11844,Joachim,4*,wind,bow,3629,[Dear_Diary+The_Fires_of_Hate][Vayu][HDT2],<hp70 & hp30 every 90s & hp100 & 0 poison res>,88% poison uptime,attack:2491,force_strike:0,skill_1:4714,skill_2:0,skill_3:1535,team_buff:839,s1_poison:2262
4571,_c_Joachim,4*,wind,bow,3629,[Dear_Diary+The_Fires_of_Hate][Vayu][HDT2],!<hp70 & hp30 every 90s & hp100 & 0 poison res>,,attack:1413,force_strike:0,skill_1:1483,skill_2:0,skill_3:835,team_buff:839,s1_poison:0
13415,Ieyasu,5*,shadow,blade,4112,[Resounding_Rendition+Beautiful_Nothingness][Shinobi][HDT2],<hp70>,,attack:2323,force_strike:0,skill_1:5353,skill_2:0,skill_3:728,team_buff:0,s1_bleed:5010
10422,_c_Ieyasu,5*,shadow,blade,4112,[Resounding_Rendition+Beautiful_Nothingness][Shinobi][HDT2],!<hp70>,,attack:1805,force_strike:0,skill_1:4171,skill_2:0,skill_3:562,team_buff:0,s1_bleed:3883
9154,Sinoa,4*,flame,wand,3928,[Candy_Couriers+Primal_Crisis][Dreadking_Rathalos][Agito],<hp100 & hit15>,,attack:3526,force_strike:634,skill_1:0,skill_2:2683,skill_3:0,team_buff:2309
7632,_c_Sinoa,4*,flame,wand,3928,[Candy_Couriers+Primal_Crisis][Dreadking_Rathalos][Agito],!<hp100 & hit15>,,attack:2755,force_strike:490,skill_1:0,skill_2:2076,skill_3:0,team_buff:2309
13449,Patia,4*,shadow,lance,3702,[Valiant_Crown+Jewels_of_the_Sun][Fatalis][HDT2],<hp70>,,attack:3355,force_strike:270,skill_1:0,skill_2:2138,skill_3:1061,team_buff:3703,s2_bleed:2919
12936,_c_Patia,4*,shadow,lance,3702,[Valiant_Crown+Jewels_of_the_Sun][Fatalis][HDT2],!<hp70>,,attack:3179,force_strike:256,skill_1:0,skill_2:2025,skill_3:1005,team_buff:3703,s2_bleed:2766
11732,Heinwald,5*,shadow,staff,3582,[Resounding_Rendition+Beautiful_Nothingness][Fatalis][HDT2],<buff all teammates & hp70>,,attack:2766,force_strike:0,skill_1:5000,skill_2:0,skill_3:1495,team_buff:2469
6955,_c_Heinwald,5*,shadow,staff,3582,[Resounding_Rendition+Beautiful_Nothingness][Fatalis][HDT2],!<buff all teammates & hp70>,,attack:2488,force_strike:0,skill_1:3439,skill_2:0,skill_3:1028,team_buff:0
11794,Gala_Luca,5*,light,blade,3803,[The_Wyrmclan_Duo+Primal_Crisis][Daikokuten][HDT2],<hit15 & hp70>,,attack:4183,force_strike:0,skill_1:6759,skill_2:0,skill_3:851,team_buff:0
6966,_c_Gala_Luca,5*,light,blade,3803,[The_Wyrmclan_Duo+Primal_Crisis][Daikokuten][HDT2],!<hit15 & hp70>,,attack:2538,force_strike:0,skill_1:3948,skill_2:0,skill_3:478,team_buff:0
4892,Aurien,3*,flame,staff,3846,[Resounding_Rendition+Beautiful_Nothingness][Apollo][Agito],<hp70 & 0 burn res>,no s1; 44% burn uptime,attack:3660,force_strike:0,skill_1:0,skill_2:963,skill_3:0,team_buff:0,s2_burn:268
3686,_c_Aurien,3*,flame,staff,3846,[Resounding_Rendition+Beautiful_Nothingness][Apollo][Agito],!<hp70 & 0 burn res>,no s1,attack:3030,force_strike:0,skill_1:0,skill_2:655,skill_3:0,team_buff:0,s2_burn:0
12531,Hunter_Berserker,5*,flame,sword,3925,[Levins_Champion+The_Lurker_in_the_Woods][Dreadking_Rathalos][Agito],<hp70>,,attack:0,force_strike:9732,skill_1:2031,skill_2:0,skill_3:0,team_buff:767
11730,_c_Hunter_Berserker,5*,flame,sword,3925,[Levins_Champion+The_Lurker_in_the_Woods][Dreadking_Rathalos][Agito],!<hp70>,,attack:0,force_strike:9069,skill_1:1893,skill_2:0,skill_3:0,team_buff:767
10473,Hunter_Vanessa,5*,light,lance,3890,[Resounding_Rendition+The_Chocolatiers][Corsaint_Phoenix][HDT2],<hp70 & 0 paralysis res>,96% paralysis uptime,attack:2797,force_strike:1538,skill_1:3273,skill_2:0,skill_3:1029,team_buff:845,s1_paralysis:988
7814,_c_Hunter_Vanessa,5*,light,lance,3890,[Resounding_Rendition+The_Chocolatiers][Corsaint_Phoenix][HDT2],!<hp70 & 0 paralysis res>,,attack:2225,force_strike:1249,skill_1:2676,skill_2:0,skill_3:817,team_buff:845,s1_paralysis:0
13326,Hunter_Sarisse,5*,water,bow,3700,[The_Lurker_in_the_Woods+Dear_Diary][Dragonyule_Jeanne][HDT2],<lance+ distance from HBH sized enemy & hp30 every 90s>,fs hit count vary on distance and enemy size; extra hits do 70% less damage than previous hits,attack:0,force_strike:8723,skill_1:1986,skill_2:0,skill_3:0,team_buff:0,fs_extra_1:2616
9736,_c_Hunter_Sarisse,5*,water,bow,3700,[The_Lurker_in_the_Woods+Dear_Diary][Dragonyule_Jeanne][HDT2],!<lance+ distance from HBH sized enemy & hp30 every 90s>,fs hit count vary on distance and enemy size; extra hits do 70% less damage than previous hits,attack:0,force_strike:7930,skill_1:1806,skill_2:0,skill_3:0,team_buff:0
12965,Valentines_Melody,5*,wind,axe,3750,[Kung_Fu_Masters+The_Fires_of_Hate][Vayu][HDT2],<hp100 & s1 defdown for 10s & 0 poison res>,c4fsf c5 c4 s1; 67% poison uptime,attack:3401,force_strike:0,skill_1:2301,skill_2:1508,skill_3:2420,team_buff:2896,s2_poison:436
5297,_c_Valentines_Melody,5*,wind,axe,3750,[Kung_Fu_Masters+The_Fires_of_Hate][Vayu][HDT2],!<hp100 & s1 defdown for 10s & 0 poison res>,c4fsf c5 c4 s1,attack:2174,force_strike:0,skill_1:1925,skill_2:1197,skill_3:0,team_buff:0,s2_poison:0
14112,Valentines_Addis,5*,shadow,bow,3635,[The_Plaguebringer+Primal_Crisis][Shinobi][HDT2],<hit15 & 0 poison res & hp=20%>,use s2 once; 90% poison uptime,attack:2838,force_strike:0,skill_1:7151,skill_2:0,skill_3:2201,team_buff:0,s1_poison:1920
5088,_c_Valentines_Addis,5*,shadow,bow,3635,[The_Plaguebringer+Primal_Crisis][Shinobi][HDT2],!<hit15 & 0 poison res & hp=20%>,use s2 once,attack:1567,force_strike:0,skill_1:2358,skill_2:0,skill_3:1162,team_buff:0,s1_poison:0
9777,Victor,5*,wind,blade,3845,[Heralds_of_Hinomoto+Jewels_of_the_Sun][Vayu][HDT2],<hp70>,,attack:1853,force_strike:0,skill_1:3186,skill_2:1070,skill_3:1070,team_buff:0,s1_bleed:2597
8204,_c_Victor,5*,wind,blade,3845,[Heralds_of_Hinomoto+Jewels_of_the_Sun][Vayu][HDT2],!<hp70>,,attack:1555,force_strike:0,skill_1:2674,skill_2:897,skill_3:897,team_buff:0,s1_bleed:2179
8835,Summer_Cleo,5*,light,bow,3548,[Forest_Bonds+Dear_Diary][Corsaint_Phoenix][HDT2],<buff all team & hp30 every 90s & 0 paralysis res>,nofs; 87% paralysis uptime,attack:2531,force_strike:0,skill_1:2946,skill_2:0,skill_3:1134,team_buff:723,s1_paralysis:798,s1_boost:702
4019,_c_Summer_Cleo,5*,light,bow,3548,[Forest_Bonds+Dear_Diary][Corsaint_Phoenix][HDT2],!<buff all team & hp30 every 90s & 0 paralysis res>,nofs,attack:1671,force_strike:0,skill_1:1494,skill_2:0,skill_3:684,team_buff:0,s1_paralysis:0,s1_boost:169
6547,Summer_Luca,4*,light,axe,3937,[Kung_Fu_Masters+Heralds_of_Hinomoto][Cupid][HDT2],<energy & hp70>,,attack:2646,force_strike:241,skill_1:3005,skill_2:0,skill_3:496,team_buff:0,s1_energized:157
6014,_c_Summer_Luca,4*,light,axe,3937,[Kung_Fu_Masters+Heralds_of_Hinomoto][Cupid][HDT2],!<energy & hp70>,,attack:2491,force_strike:226,skill_1:2829,skill_2:0,skill_3:467,team_buff:0
9362,Addis,4*,wind,blade,3857,[Resounding_Rendition+Beautiful_Nothingness][Vayu][HDT2],<hp70 & 0 poison res>,s2 c2 s1 c5fsf c4fs s1; hold s2s1 until bleed under 3; 25% poison uptime,attack:2370,force_strike:16,skill_1:3762,skill_2:0,skill_3:589,team_buff:0,s1_poison:151,bleed:2471
8026,_c_Addis,4*,wind,blade,3857,[Resounding_Rendition+Beautiful_Nothingness][Vayu][HDT2],!<hp70 & 0 poison res>,s2 c2 s1 c5fsf c4fs s1; hold s2s1 until bleed under 3,attack:2076,force_strike:14,skill_1:3295,skill_2:0,skill_3:515,team_buff:0,s1_poison:0,bleed:2124
13578,Ezelith,5*,flame,dagger,4008,[Twinfold_Bonds+Levins_Champion][Arctos][Agito],<hit15 & hp70>,,attack:5608,force_strike:738,skill_1:6807,skill_2:0,skill_3:0,team_buff:423
12007,_c_Ezelith,5*,flame,dagger,4008,[Twinfold_Bonds+Levins_Champion][Arctos][Agito],!<hit15 & hp70>,,attack:4982,force_strike:655,skill_1:5941,skill_2:0,skill_3:0,team_buff:428
8107,Sazanka,4*,shadow,axe,3834,[Kung_Fu_Masters+Crystalian_Envoy][Shinobi][HDT2],<hp70 & 80 sleep res>,,attack:1910,force_strike:275,skill_1:3123,skill_2:0,skill_3:654,team_buff:0,s1_bleed:2115,fs_boost:27
7250,_c_Sazanka,4*,shadow,axe,3834,[Kung_Fu_Masters+Crystalian_Envoy][Shinobi][HDT2],!<hp70 & 80 sleep res>,,attack:1714,force_strike:248,skill_1:2773,skill_2:0,skill_3:568,team_buff:0,s1_bleed:1921,fs_boost:24
12114,Natalie,5*,shadow,blade,3959,[Tough_Love+The_Chocolatiers][Shinobi][HDT2],<energy & last offense & hp=20%>,s2 without str buff,attack:2485,force_strike:0,skill_1:7035,skill_2:0,skill_3:2239,team_buff:0,s1_energized:312,s3_energized:43
7900,_c_Natalie,5*,shadow,blade,3959,[Tough_Love+The_Chocolatiers][Shinobi][HDT2],!<energy & last offense & hp=20%>,s2 without str buff,attack:2253,force_strike:0,skill_1:3702,skill_2:0,skill_3:1944,team_buff:0
